R2,MSE,RMSE,MAE,MAPE
0.3091611862182617,90.6985855102539,9.52358049843933,5.607083320617676,408.50911140441895
