R2,MSE,RMSE,MAE,MAPE
0.42870837450027466,75.78153991699219,8.705259325085738,4.998477458953857,550.4391670227051
