R2,MSE,RMSE,MAE,MAPE
0.5622386336326599,58.15013885498047,7.6256238338237265,4.33492374420166,455.0730228424072
