R2,MSE,RMSE,MAE,MAPE
0.3627270460128784,85.63497924804688,9.25391696785998,5.672027587890625,264.9228572845459
