R2,MSE,RMSE,MAE,MAPE
0.37557268142700195,81.98055267333984,9.05431127548307,5.230493068695068,526.5936374664307
