R2,MSE,RMSE,MAE,MAPE
0.26547694206237793,96.43378448486328,9.820070492866295,5.766292572021484,340.7410144805908
